Men,11
Women,73
Male,35
Rings,6
Men's Rings,17
Women's Rings,73
Male's Rings,35
Female's Rings,6
Earring,7
Men's Earring,18
Women's Earring,73
Male's Earring,36
Female's Earring,7
Diamond,65
Men's Diamond,71
Women's Diamond,79
Male's Diamond,65
Female's Diamond,65
Silver,No
Men's Silver,11
Women's Silver,73
Male's Silver,35
Female's Silver,No
Necklaces,32
Men's Necklaces,43
Women's Necklaces,73
Male's Necklaces,53
Female's Necklaces,32
Bracelets,20
Men's Bracelets,22
Women's Bracelets,80
Male's Bracelets,46
Female's Bracelets,20
Pendant Sets,40
Men's Pendant Sets,51
Women's Pendant Sets,74
Male's Pendant Sets,56
Female's Pendant Sets,40
Necklace Sets,44
Men's Necklace Sets,55
Women's Necklace Sets,74
Male's Necklace Sets,56
Female's Necklace Sets,44
Harams,6
Men's Harams,17
Women's Harams,73
Male's Harams,36
Female's Harams,6
Bangles,18
Men's Bangles,29
Women's Bangles,74
Male's Bangles,47
Female's Bangles,18
Accessories,1
Men's Accessorie,12
Women's Accessorie,73
Male's Accessorie,35
Female's Accessorie,1
Nose Pins,41
Men's Nose Pins,48
Women's Nose Pins,77
Male's Nose Pins,43
Female's Nose Pins,41
Solitaire,12
Men's Solitaire,21
Women's Solitaire,75
Male's Solitaire,47
Female's Solitaire,12
Gifts,6
Men's Gifts,16
Women's Gifts,74
Male's Gifts,38
Female's Gifts,6
Gold Coins,45
Men's Gold Coins,52
Women's Gold Coins,78
Male's Gold Coins,46
Female's Gold Coins,45
