Men,137
Women,430
Rings,988
Men's Rings,997
Women's Rings,989
Earring,1035
Men's Earring,1044
Women's Earring,1036
Male's Earring,1035
Diamond,1396
Men's Diamond,1405
Women's Diamond,1397
Female's Diamond,1396
Silver,138
Men's Silver,147
Women's Silver,139
Male's Silver,138
Necklaces,186
Men's Necklaces,195
Women's Necklaces,187
Male's Necklaces,186
Bracelets,295
Men's Bracelets,304
Women's Bracelets,296
Male's Bracelets,295
Pendant Sets,802
Men's Pendant Sets,811
Women's Pendant Sets,803
Male's Pendant Sets,802
Necklace Sets,235
Men's Necklace Sets,244
Women's Necklace Sets,236
Male's Necklace Sets,235
Harams,N/A
Women's Harams,1
Bangles,91
Men's Bangles,99
Women's Bangles,92
Male's Bangles,91
Accessories,N/A
Women's Accessorie,1
Nose Pins,222
Women's Nose Pins,223
Solitaire,3
Men's Solitaire,12
Women's Solitaire,4
Gifts,37
Men's Gifts,46
Women's Gifts,37
Men's Gold Coins,3442
Women's Gold Coins,3436
Male's Gold Coins,3435
