Men,215
Women,377
Rings,4411
Men's Rings,1
Women's Rings,4380
Earring,5239
Men's Earring,31
Women's Earring,5239
Male's Earring,19
Diamond,7789
Men's Diamond,1
Women's Diamond,7789
Female's Diamond,4
Men's Silver,1
Male's Silver,66
Necklaces,1924
Men's Necklaces,1
Women's Necklaces,1924
Male's Necklaces,10
Bracelets,1926
Men's Bracelets,38
Women's Bracelets,1926
Male's Bracelets,8
Pendant Sets,1
Men's Pendant Sets,15
Women's Pendant Sets,1
Male's Pendant Sets,1
Necklace Sets,22
Men's Necklace Sets,1
Women's Necklace Sets,116
Male's Necklace Sets,10
Bangles,1564
Men's Bangles,23
Women's Bangles,1564
Male's Bangles,5
Nose Pins,191
Women's Nose Pins,191
Solitaire,306
Men's Solitaire,1
Women's Solitaire,306
Gifts,5
Men's Gifts,1
Women's Gifts,5
Men's Gold Coins,86
Women's Gold Coins,32
Male's Gold Coins,41
