Men,309
Women,2222
Rings,756
Men's Rings,116
Women's Rings,522
Earring,684
Men's Earring,1
Women's Earring,1
Male's Earring,684
Diamond,2508
Men's Diamond,177
Women's Diamond,1
Female's Diamond,2508
Necklaces,372
Men's Necklaces,372
Women's Necklaces,372
Male's Necklaces,372
Bracelets,182
Men's Bracelets,27
Women's Bracelets,146
Male's Bracelets,182
Pendant Sets,169
Men's Pendant Sets,796
Women's Pendant Sets,169
Male's Pendant Sets,796
Necklace Sets,296
Men's Necklace Sets,372
Women's Necklace Sets,296
Male's Necklace Sets,372
Harams,2
Women's Harams,2
Bangles,123
Men's Bangles,1
Women's Bangles,122
Male's Bangles,123
Women's Accessorie,214
Nose Pins,56
Women's Nose Pins,11
Solitaire,59
Men's Solitaire,7
Women's Solitaire,44
Men's Gifts,214
Women's Gifts,214
Men's Gold Coins,18
Women's Gold Coins,2
Male's Gold Coins,8
